ADDRESS,RANK
0x3eee61b92c36e97be6319bf9096a1ac3c04a1466,1
0x1f4ba000d042ca0045ef094691615f3912debea8,2
0x2ac5393d1f4be4ef89b45ee2f93d7f20a5cf6d5a,3
0x06ad892ce23c136bbda3a821570343a2af3e2914,4
0x1b686ee8e31c5959d9f5bbd8122a58682788eead,5
0xf11b6a8c3cb8bb7dbc1518a613b10ceb0bbfc06b,6
0xeff8d84e0fd304550da242040ccd45bd44ce71f1,7
0xf4b0556b9b6f53e00a1fdd2b0478ce841991d8fa,8
0x429f9ada43e9f345cbb85ec88681bb70df808892,9
0x5e349eca2dc61abcd9dd99ce94d04136151a09ee,10
0x2b888954421b424c5d3d9ce9bb67c9bd47537d12,11
0x4f41877773e44f2275da1942fee898556821bf66,12
0x7b0befc5b043148cd7bd5cfeeef7bc63d28edec0,13
0xed11e5ea95a5a3440fbaadc4cc404c56d0a5bb04,14
0x6eda5acaff7f5964e1ecc3fd61c62570c186ca0c,15
0x48a63097e1ac123b1f5a8bbffafa4afa8192fab0,16
0x94db037207f6fb697dbd33524aadffd108819dc8,17
0x7fc80fad32ec41fd5cfcc14eee9c31953b6b4a8b,18
0x070341aa5ed571f0fb2c4a5641409b1a46b4961b,19
0x406b607644c5d7bfda95963201e45a4c6ab1c159,20
0xb55a948763e0d386b6defcd8070a522216ae42b1,21
0x5c459147312928bd278837ed72a0c31cca0a5244,22
0x3d2d722b443a5cae8e41877bb7cd649f3650937c,23
0xb79294d00848a3a4c00c22d9367f19b4280689d7,24
0x995013b47ef3a2b07b9e60da6d1fff8fa9c53cf4,25
0x20c01bb48784d1973138b6ddb46308c81b6cbe70,26
0x7575f04a46b6d76142723e765f7546c354773406,27
0xe93d59cc0bcecfd4ac204827ef67c5266079e2b5,28
0x8ccde64d05a7677d80a5960cb75fb8de486cf98d,29
0x80fc5137886375e7e5c9fbaaf3f1bfcf86bce482,30
0x6923e759519ede7e352b1e206519c28046f0a69f,31
0x3fb19771947072629c8eee7995a2ef23b72d4c8a,32
0x11cf2f033b079fbb195425bfcb7d5dac4db2d752,33
0x75536cf4f01c2bfa528f5c74ddc1232db3af3ee5,34
0x2deb7c0704f9696c976ed73d449badefab67c399,35
0x2b7839e74e8a9145e594810508006b3e856088f8,36
0x395136a88f087a2a013e6621ccfc551e5b9aa552,37
0x0f7cf21aca85f8ba65f0b066fa99b251252dcc38,38
0xeee5c1edc2b574bcef8dfae98f75fa53b265578c,39
0x8f07bc36ff569312fdc41f3867d80bbd2fe94b76,40
0x46abfe1c972fca43766d6ad70e1c1df72f4bb4d1,41
0x2d7d6ec6198adfd5850d00bd601958f6e316b05e,42
0xdcf7be2ff93e1a7671724598b1526f3a33b1ec25,43
0xdab0d648a2a771e6952916a822dddf738b535f5a,44
0xa6e8772af29b29b9202a073f8e36f447689beef6,45
0xb1ea5a3e5ea7fa1834d48058ecda26d8c59e8251,46
0x60ec4fd8069513f738f3a0f41b9e00c294e74bf3,47
0x45a10f35befa4ab841c77860204b133118b7ccae,48
0x8f73be66ca8c79382f72139be03746343bf5faa0,49
0x585639fbf797c1258eba8875c080eb63c833d252,50
0x839395e20bbb182fa440d08f850e6c7a8f6f0780,51
0x37b76f028d424200e5fa3ad67e5fd5ad8a3f1cfe,52
0x568bf4c456edb0375f78f92f168f4e6712e45538,53
0x08760d6e86a9422b2e89f5974d953dab533f1f9b,54
0x5d36a202687fd6bd0f670545334bf0b4827cc1e2,55
0x6cea573473348367a5f66e0f261bfa25799e6a60,56
0xb6b9e9e56ab5a4af927faa802ac93786352f3af9,57
0x7a45ee0be5c4bdc938a5f00a2aef393f46502d26,58
0xb933aee47c438f22de0747d57fc239fe37878dd1,59
0x2c6c638b93ba5a11dbd419305f14749fc8aa2b63,60
0x9e5b45e4872de2ee4b6ffbd06b3735501826b032,61
0xdb5781a835b60110298ff7205d8ef9678ff1f800,62
0x56edf679b0c80d528e17c5ffe514dc9a1b254b9c,63
0x2f30c18491435cb8bf24047d3398167ac327f750,64
0xa6a038419e02a9359bdafdf7fee40671d389263a,65
0x9dfa9dfd15d2b2fa9717b4fc545c2bb35a29215c,66
0x7ae109a63ff4dc852e063a673b40bed85d22e585,67
0xcc878369b26127bd4bc1b0b465bc8be9b92a4c62,68
0xc841d6ddf66467af551b35218c0c2e22f9c14b48,69
0x13debc7a8ef08a97531d0f9a7eabf2b0271c5054,70
0xdccf2c13052e57c6b0e30ddf676ad4b8996dc412,71
0xc2490d220419acdced68428ac413c8483d08d1ab,72
0x5a973117dd273676bf4d14313b80562dc8973ba9,73
0x8f5415415d9200ccd8523f3ee88f96f476141cc3,74
0x5f4bcccb5c2cbb01c619f5cfed555466e31679b6,75
0x9cbe5b896d0c24acf41860b9e3df6750c2040a40,76
0xd23199f1222c418ffc74c385171330b21b16e452,77
0x87feed6162cb7dfe6b62f64366742349bf4d1b05,78
0x512fce9b07ce64590849115ee6b32fd40ec0f5f3,79
0x72cb40a11781ff0149abb55a1adebe2407575030,80
0x7899d9b1181cbb427b0b1be0684c096c260f7474,81
0xb7abf554aefd4686639afcf2a653adfda3d9b038,82
0x13838884271ec954cb036d0b29d404afab5eae2a,83
0xfc10a71b1e7974401d840fd15cebf08ed7e115cc,84
0x03dde7b6c372bc6c748ae1af65497b74a70492fa,85
0xe07e2e9f50a43b437d14fad498eb5e7e8f0de44f,86
0xd1c5980984bdbb0061b842fa81b3d38859850c39,87
0x17296956b4e07ff8931e4ff4ea06709fab70b879,88
0x9b7df3a2df61e72df5c4d565a0e017d7c5c6e532,89
0x1de2a056508e0d0dd88a88f1f5cdf9cfa510795c,90
0x4ac799e9b0e252bc45d499857c84809a5a444ae0,91
0x22e2f326fe5a1d07e1214eb1c08346fd816e8375,92
0xb074ec6c37659525eef2fb44478077901f878012,93
0x010dc5440ad49f9ec0dd325b622d9fd225944ee4,94
0xf68d2bfcecd7895bba05a7451dd09a1749026454,95
0x0331969e189d63fbc31d771bb04ab44227d748d8,96
0x9934465ee73beaf148b1b3ff232c8cd86c4c2c63,97
0x62a43123fe71f9764f26554b3f5017627996816a,98
0xfd947c72f09703210eecbcab9c9206fe5e1bb6e2,99
0xc5557771673109cab9d05358e1d280fab5225977,100
